Model,FPR,TPR
1,0.0,0.0
1,0.000531632110579,0.0
1,0.000531632110579,0.003300330033
1,0.00106326422116,0.003300330033
1,0.00106326422116,0.00660066006601
1,0.00212652844232,0.00660066006601
1,0.00212652844232,0.013201320132
1,0.00425305688464,0.013201320132
1,0.00425305688464,0.016501650165
1,0.00531632110579,0.016501650165
1,0.00531632110579,0.023102310231
1,0.00584795321637,0.023102310231
1,0.00584795321637,0.026402640264
1,0.00691121743753,0.026402640264
1,0.00691121743753,0.029702970297
1,0.00797448165869,0.029702970297
1,0.00797448165869,0.03300330033
1,0.00850611376927,0.03300330033
1,0.00850611376927,0.039603960396
1,0.0106326422116,0.039603960396
1,0.0106326422116,0.042904290429
1,0.0111642743222,0.042904290429
1,0.0111642743222,0.046204620462
1,0.0122275385433,0.046204620462
1,0.0122275385433,0.049504950495
1,0.0127591706539,0.049504950495
1,0.0127591706539,0.0660066006601
1,0.0132908027645,0.0660066006601
1,0.0132908027645,0.0693069306931
1,0.0143540669856,0.0693069306931
1,0.0143540669856,0.0759075907591
1,0.0148856990962,0.0759075907591
1,0.0148856990962,0.0825082508251
1,0.0159489633174,0.0825082508251
1,0.0159489633174,0.0924092409241
1,0.0170122275385,0.0924092409241
1,0.0170122275385,0.0957095709571
1,0.0175438596491,0.0957095709571
1,0.0175438596491,0.0990099009901
1,0.0180754917597,0.0990099009901
1,0.0180754917597,0.102310231023
1,0.0186071238703,0.102310231023
1,0.0186071238703,0.112211221122
1,0.0196703880914,0.112211221122
1,0.0196703880914,0.115511551155
1,0.0217969165338,0.115511551155
1,0.0217969165338,0.125412541254
1,0.0239234449761,0.125412541254
1,0.0239234449761,0.128712871287
1,0.0249867091972,0.128712871287
1,0.0249867091972,0.141914191419
1,0.0260499734184,0.141914191419
1,0.0260499734184,0.148514851485
1,0.026581605529,0.148514851485
1,0.026581605529,0.151815181518
1,0.0276448697501,0.151815181518
1,0.0276448697501,0.158415841584
1,0.0287081339713,0.158415841584
1,0.0287081339713,0.16501650165
1,0.030303030303,0.16501650165
1,0.030303030303,0.171617161716
1,0.0308346624136,0.171617161716
1,0.0308346624136,0.174917491749
1,0.0318979266348,0.174917491749
1,0.0318979266348,0.178217821782
1,0.0324295587453,0.178217821782
1,0.0324295587453,0.184818481848
1,0.0350877192982,0.184818481848
1,0.0350877192982,0.191419141914
1,0.0356193514088,0.191419141914
1,0.0356193514088,0.194719471947
1,0.0361509835194,0.194719471947
1,0.0361509835194,0.19801980198
1,0.03668261563,0.19801980198
1,0.03668261563,0.201320132013
1,0.0377458798511,0.201320132013
1,0.0377458798511,0.211221122112
1,0.0382775119617,0.211221122112
1,0.0382775119617,0.214521452145
1,0.0393407761829,0.214521452145
1,0.0393407761829,0.221122112211
1,0.0457203615098,0.221122112211
1,0.0457203615098,0.224422442244
1,0.0478468899522,0.224422442244
1,0.0478468899522,0.227722772277
1,0.0489101541733,0.227722772277
1,0.0489101541733,0.244224422442
1,0.0536948431685,0.244224422442
1,0.0536948431685,0.247524752475
1,0.0552897395003,0.247524752475
1,0.0552897395003,0.250825082508
1,0.0595427963849,0.250825082508
1,0.0595427963849,0.254125412541
1,0.0600744284955,0.254125412541
1,0.0600744284955,0.260726072607
1,0.0685805422648,0.260726072607
1,0.0685805422648,0.270627062706
1,0.0701754385965,0.270627062706
1,0.0701754385965,0.287128712871
1,0.0712387028177,0.287128712871
1,0.0712387028177,0.290429042904
1,0.0738968633705,0.290429042904
1,0.0738968633705,0.293729372937
1,0.0749601275917,0.293729372937
1,0.0749601275917,0.29702970297
1,0.0754917597023,0.29702970297
1,0.0754917597023,0.300330033003
1,0.0760233918129,0.300330033003
1,0.0760233918129,0.303630363036
1,0.077086656034,0.303630363036
1,0.077086656034,0.306930693069
1,0.0877192982456,0.306930693069
1,0.0877192982456,0.310231023102
1,0.0882509303562,0.310231023102
1,0.0882509303562,0.316831683168
1,0.0887825624668,0.316831683168
1,0.0887825624668,0.320132013201
1,0.0919723551302,0.320132013201
1,0.0919723551302,0.323432343234
1,0.097288676236,0.323432343234
1,0.097288676236,0.326732673267
1,0.0983519404572,0.326732673267
1,0.0983519404572,0.3300330033
1,0.0999468367889,0.3300330033
1,0.0999468367889,0.343234323432
1,0.1004784689,0.343234323432
1,0.1004784689,0.349834983498
1,0.103136629452,0.349834983498
1,0.103136629452,0.356435643564
1,0.108452950558,0.356435643564
1,0.108452950558,0.36303630363
1,0.109516214779,0.36303630363
1,0.109516214779,0.366336633663
1,0.110579479001,0.366336633663
1,0.110579479001,0.379537953795
1,0.112706007443,0.379537953795
1,0.112706007443,0.382838283828
1,0.113769271664,0.382838283828
1,0.113769271664,0.386138613861
1,0.115895800106,0.386138613861
1,0.115895800106,0.392739273927
1,0.120680489102,0.392739273927
1,0.120680489102,0.39603960396
1,0.122275385433,0.39603960396
1,0.122275385433,0.399339933993
1,0.124933545986,0.399339933993
1,0.124933545986,0.402640264026
1,0.125465178097,0.402640264026
1,0.125465178097,0.405940594059
1,0.127060074428,0.405940594059
1,0.127060074428,0.412541254125
1,0.12812333865,0.412541254125
1,0.12812333865,0.415841584158
1,0.12865497076,0.415841584158
1,0.12865497076,0.419141914191
1,0.129718234981,0.419141914191
1,0.129718234981,0.422442244224
1,0.130781499203,0.422442244224
1,0.130781499203,0.425742574257
1,0.132908027645,0.425742574257
1,0.132908027645,0.42904290429
1,0.133439659755,0.42904290429
1,0.133439659755,0.432343234323
1,0.136629452419,0.432343234323
1,0.136629452419,0.438943894389
1,0.13769271664,0.438943894389
1,0.13769271664,0.442244224422
1,0.139819245082,0.442244224422
1,0.139819245082,0.445544554455
1,0.143009037746,0.445544554455
1,0.143009037746,0.448844884488
1,0.149388623073,0.448844884488
1,0.149388623073,0.452145214521
1,0.152046783626,0.452145214521
1,0.152046783626,0.455445544554
1,0.154173312068,0.455445544554
1,0.154173312068,0.46204620462
1,0.1557682084,0.46204620462
1,0.1557682084,0.471947194719
1,0.157894736842,0.471947194719
1,0.157894736842,0.475247524752
1,0.162679425837,0.475247524752
1,0.162679425837,0.478547854785
1,0.163211057948,0.478547854785
1,0.163211057948,0.481848184818
1,0.165869218501,0.481848184818
1,0.165869218501,0.485148514851
1,0.166932482722,0.485148514851
1,0.166932482722,0.488448844884
1,0.167464114833,0.488448844884
1,0.167464114833,0.491749174917
1,0.167995746943,0.491749174917
1,0.167995746943,0.49504950495
1,0.171185539607,0.49504950495
1,0.171185539607,0.501650165017
1,0.173843700159,0.501650165017
1,0.173843700159,0.50495049505
1,0.175438596491,0.50495049505
1,0.175438596491,0.508250825083
1,0.178628389155,0.508250825083
1,0.178628389155,0.514851485149
1,0.181818181818,0.514851485149
1,0.181818181818,0.518151815182
1,0.182881446039,0.518151815182
1,0.182881446039,0.528052805281
1,0.185007974482,0.528052805281
1,0.185007974482,0.534653465347
1,0.188197767145,0.534653465347
1,0.188197767145,0.53795379538
1,0.191919191919,0.53795379538
1,0.191919191919,0.541254125413
1,0.19298245614,0.541254125413
1,0.19298245614,0.544554455446
1,0.194577352472,0.544554455446
1,0.194577352472,0.547854785479
1,0.195108984583,0.547854785479
1,0.195108984583,0.551155115512
1,0.195640616693,0.551155115512
1,0.195640616693,0.554455445545
1,0.198830409357,0.554455445545
1,0.199362041467,0.557755775578
1,0.200956937799,0.557755775578
1,0.200956937799,0.561056105611
1,0.206273258905,0.561056105611
1,0.206273258905,0.567656765677
1,0.208399787347,0.567656765677
1,0.208399787347,0.57095709571
1,0.209994683679,0.57095709571
1,0.209994683679,0.580858085809
1,0.2110579479,0.580858085809
1,0.2110579479,0.584158415842
1,0.212121212121,0.584158415842
1,0.212121212121,0.587458745875
1,0.223285486443,0.587458745875
1,0.223285486443,0.594059405941
1,0.228070175439,0.594059405941
1,0.228070175439,0.60396039604
1,0.233918128655,0.60396039604
1,0.233918128655,0.610561056106
1,0.234449760766,0.610561056106
1,0.234449760766,0.613861386139
1,0.241892610314,0.613861386139
1,0.241892610314,0.617161716172
1,0.242424242424,0.617161716172
1,0.242424242424,0.620462046205
1,0.249867091972,0.620462046205
1,0.249867091972,0.623762376238
1,0.251461988304,0.623762376238
1,0.251461988304,0.627062706271
1,0.252525252525,0.627062706271
1,0.252525252525,0.630363036304
1,0.25677830941,0.630363036304
1,0.25677830941,0.63696369637
1,0.271664008506,0.63696369637
1,0.271664008506,0.643564356436
1,0.272727272727,0.643564356436
1,0.272727272727,0.646864686469
1,0.273790536948,0.646864686469
1,0.273790536948,0.650165016502
1,0.274322169059,0.650165016502
1,0.274322169059,0.660066006601
1,0.275917065391,0.660066006601
1,0.275917065391,0.663366336634
1,0.277511961722,0.663366336634
1,0.277511961722,0.666666666667
1,0.286018075492,0.666666666667
1,0.286018075492,0.6699669967
1,0.286549707602,0.6699669967
1,0.286549707602,0.673267326733
1,0.287081339713,0.673267326733
1,0.287081339713,0.676567656766
1,0.287612971823,0.676567656766
1,0.287612971823,0.683168316832
1,0.290271132376,0.683168316832
1,0.290271132376,0.686468646865
1,0.295587453482,0.686468646865
1,0.295587453482,0.693069306931
1,0.301435406699,0.693069306931
1,0.301435406699,0.696369636964
1,0.306751727804,0.696369636964
1,0.306751727804,0.70297029703
1,0.308346624136,0.70297029703
1,0.308346624136,0.706270627063
1,0.3115364168,0.706270627063
1,0.3115364168,0.709570957096
1,0.314726209463,0.709570957096
1,0.314726209463,0.712871287129
1,0.316852737905,0.712871287129
1,0.316852737905,0.716171617162
1,0.317384370016,0.716171617162
1,0.317384370016,0.719471947195
1,0.318979266348,0.719471947195
1,0.318979266348,0.722772277228
1,0.327485380117,0.722772277228
1,0.327485380117,0.726072607261
1,0.333333333333,0.726072607261
1,0.333333333333,0.729372937294
1,0.336523125997,0.729372937294
1,0.336523125997,0.732673267327
1,0.338649654439,0.732673267327
1,0.338649654439,0.73597359736
1,0.342902711324,0.73597359736
1,0.342902711324,0.739273927393
1,0.354598617757,0.739273927393
1,0.354598617757,0.742574257426
1,0.358320042531,0.742574257426
1,0.358320042531,0.745874587459
1,0.358851674641,0.745874587459
1,0.358851674641,0.752475247525
1,0.365762892079,0.752475247525
1,0.365762892079,0.755775577558
1,0.377990430622,0.755775577558
1,0.377990430622,0.759075907591
1,0.379053694843,0.759075907591
1,0.379053694843,0.762376237624
1,0.393407761829,0.762376237624
1,0.393407761829,0.765676567657
1,0.39447102605,0.765676567657
1,0.39447102605,0.76897689769
1,0.397129186603,0.76897689769
1,0.397129186603,0.772277227723
1,0.402445507709,0.772277227723
1,0.402445507709,0.775577557756
1,0.402977139819,0.775577557756
1,0.402977139819,0.778877887789
1,0.40404040404,0.778877887789
1,0.40404040404,0.782178217822
1,0.411483253589,0.782178217822
1,0.411483253589,0.785478547855
1,0.41254651781,0.785478547855
1,0.41254651781,0.788778877888
1,0.424242424242,0.788778877888
1,0.424242424242,0.792079207921
1,0.424774056353,0.792079207921
1,0.424774056353,0.795379537954
1,0.425837320574,0.795379537954
1,0.425837320574,0.798679867987
1,0.427432216906,0.798679867987
1,0.427432216906,0.80198019802
1,0.433280170122,0.80198019802
1,0.433280170122,0.805280528053
1,0.435406698565,0.805280528053
1,0.435406698565,0.808580858086
1,0.457203615098,0.808580858086
1,0.457203615098,0.811881188119
1,0.459330143541,0.811881188119
1,0.459330143541,0.818481848185
1,0.461988304094,0.818481848185
1,0.461988304094,0.821782178218
1,0.463051568315,0.821782178218
1,0.463051568315,0.825082508251
1,0.466772993089,0.825082508251
1,0.466772993089,0.828382838284
1,0.469962785752,0.828382838284
1,0.469962785752,0.831683168317
1,0.471026049973,0.831683168317
1,0.471026049973,0.83498349835
1,0.479532163743,0.83498349835
1,0.479532163743,0.838283828383
1,0.484316852738,0.838283828383
1,0.484316852738,0.841584158416
1,0.493886230728,0.841584158416
1,0.493886230728,0.844884488449
1,0.500797448166,0.844884488449
1,0.500797448166,0.851485148515
1,0.503987240829,0.851485148515
1,0.503987240829,0.854785478548
1,0.506645401382,0.854785478548
1,0.506645401382,0.858085808581
1,0.516214779373,0.858085808581
1,0.516214779373,0.861386138614
1,0.517809675704,0.861386138614
1,0.517809675704,0.864686468647
1,0.519936204147,0.864686468647
1,0.519936204147,0.86798679868
1,0.527910685805,0.86798679868
1,0.527910685805,0.871287128713
1,0.535353535354,0.871287128713
1,0.535353535354,0.874587458746
1,0.537480063796,0.874587458746
1,0.537480063796,0.877887788779
1,0.557150451887,0.877887788779
1,0.557150451887,0.881188118812
1,0.55980861244,0.881188118812
1,0.55980861244,0.884488448845
1,0.561935140883,0.884488448845
1,0.561935140883,0.887788778878
1,0.563530037214,0.887788778878
1,0.563530037214,0.891089108911
1,0.590111642743,0.891089108911
1,0.590111642743,0.894389438944
1,0.598086124402,0.894389438944
1,0.598086124402,0.897689768977
1,0.607655502392,0.897689768977
1,0.607655502392,0.90099009901
1,0.610845295056,0.90099009901
1,0.610845295056,0.904290429043
1,0.611376927166,0.904290429043
1,0.611376927166,0.907590759076
1,0.623072833599,0.907590759076
1,0.623072833599,0.910891089109
1,0.625730994152,0.910891089109
1,0.625730994152,0.914191419142
1,0.627857522594,0.914191419142
1,0.627857522594,0.917491749175
1,0.634237107921,0.917491749175
1,0.634237107921,0.920792079208
1,0.643806485912,0.920792079208
1,0.643806485912,0.924092409241
1,0.655502392344,0.924092409241
1,0.655502392344,0.927392739274
1,0.66081871345,0.927392739274
1,0.66081871345,0.930693069307
1,0.670919723551,0.930693069307
1,0.670919723551,0.93399339934
1,0.674641148325,0.93399339934
1,0.674641148325,0.943894389439
1,0.682083997873,0.943894389439
1,0.682083997873,0.947194719472
1,0.692185007974,0.947194719472
1,0.692185007974,0.950495049505
1,0.703880914407,0.950495049505
1,0.703880914407,0.953795379538
1,0.721424774056,0.953795379538
1,0.721424774056,0.957095709571
1,0.730994152047,0.957095709571
1,0.730994152047,0.960396039604
1,0.7336523126,0.960396039604
1,0.7336523126,0.963696369637
1,0.744284954811,0.963696369637
1,0.744284954811,0.96699669967
1,0.77086656034,0.96699669967
1,0.77086656034,0.970297029703
1,0.785220627326,0.970297029703
1,0.785220627326,0.973597359736
1,0.808612440191,0.973597359736
1,0.808612440191,0.976897689769
1,0.818181818182,0.976897689769
1,0.818181818182,0.980198019802
1,0.824561403509,0.980198019802
1,0.824561403509,0.983498349835
1,0.838915470494,0.983498349835
1,0.838915470494,0.986798679868
1,0.905369484317,0.986798679868
1,0.906432748538,0.986798679868
1,0.910685805423,0.986798679868
1,0.910685805423,0.990099009901
1,0.914938862307,0.990099009901
1,0.916002126528,0.990099009901
1,0.933014354067,0.990099009901
1,0.933014354067,0.993399339934
1,0.944178628389,0.993399339934
1,0.944178628389,0.996699669967
1,0.948963317384,0.996699669967
1,0.950026581606,0.996699669967
1,0.964912280702,0.996699669967
1,0.964912280702,1.0
1,0.997341839447,1.0
1,0.998405103668,1.0
1,0.998936735779,1.0
1,1.0,1.0
2,0.0,0.0
2,0.00050994390617,0.0
2,0.00050994390617,0.00307692307692
2,0.00101988781234,0.00307692307692
2,0.00101988781234,0.00615384615385
2,0.00152983171851,0.00615384615385
2,0.00152983171851,0.00923076923077
2,0.00203977562468,0.00923076923077
2,0.00203977562468,0.0123076923077
2,0.00407955124936,0.0123076923077
2,0.00407955124936,0.0215384615385
2,0.00458949515553,0.0215384615385
2,0.00458949515553,0.0276923076923
2,0.00560938296787,0.0276923076923
2,0.00560938296787,0.0307692307692
2,0.00764915859255,0.0307692307692
2,0.00764915859255,0.0338461538462
2,0.00815910249873,0.0338461538462
2,0.00815910249873,0.0461538461538
2,0.0086690464049,0.0461538461538
2,0.0086690464049,0.0492307692308
2,0.0101988781234,0.0492307692308
2,0.0101988781234,0.0523076923077
2,0.0112187659357,0.0523076923077
2,0.0112187659357,0.0615384615385
2,0.0132585415604,0.0615384615385
2,0.0132585415604,0.0646153846154
2,0.0137684854666,0.0646153846154
2,0.0137684854666,0.0707692307692
2,0.0147883732789,0.0707692307692
2,0.0147883732789,0.0830769230769
2,0.0163182049975,0.0830769230769
2,0.0163182049975,0.0892307692308
2,0.017848036716,0.0892307692308
2,0.017848036716,0.0923076923077
2,0.0193778684345,0.0923076923077
2,0.0193778684345,0.0984615384615
2,0.0198878123406,0.0984615384615
2,0.0198878123406,0.101538461538
2,0.0229474757777,0.101538461538
2,0.0229474757777,0.107692307692
2,0.0234574196838,0.107692307692
2,0.0234574196838,0.110769230769
2,0.0244773074962,0.110769230769
2,0.0244773074962,0.113846153846
2,0.0275369709332,0.113846153846
2,0.0275369709332,0.116923076923
2,0.0295767465579,0.116923076923
2,0.0295767465579,0.129230769231
2,0.0305966343702,0.129230769231
2,0.0305966343702,0.132307692308
2,0.0356960734319,0.132307692308
2,0.0356960734319,0.135384615385
2,0.0372259051504,0.135384615385
2,0.0372259051504,0.138461538462
2,0.0407955124936,0.138461538462
2,0.0407955124936,0.141538461538
2,0.0428352881183,0.141538461538
2,0.0428352881183,0.147692307692
2,0.044875063743,0.147692307692
2,0.044875063743,0.150769230769
2,0.0453850076492,0.150769230769
2,0.0453850076492,0.156923076923
2,0.0458949515553,0.156923076923
2,0.0458949515553,0.16
2,0.0494645588985,0.16
2,0.0494645588985,0.163076923077
2,0.0504844467109,0.163076923077
2,0.0504844467109,0.172307692308
2,0.0515043345232,0.172307692308
2,0.0515043345232,0.175384615385
2,0.0520142784294,0.175384615385
2,0.0520142784294,0.178461538462
2,0.0535441101479,0.178461538462
2,0.0535441101479,0.181538461538
2,0.0560938296787,0.181538461538
2,0.0560938296787,0.187692307692
2,0.0566037735849,0.187692307692
2,0.0566037735849,0.190769230769
2,0.0581336053034,0.190769230769
2,0.0581336053034,0.193846153846
2,0.0596634370219,0.193846153846
2,0.0596634370219,0.2
2,0.0601733809281,0.2
2,0.0601733809281,0.206153846154
2,0.0622131565528,0.206153846154
2,0.0622131565528,0.212307692308
2,0.0627231004589,0.212307692308
2,0.0627231004589,0.215384615385
2,0.0647628760836,0.215384615385
2,0.0647628760836,0.218461538462
2,0.0652728199898,0.218461538462
2,0.0652728199898,0.221538461538
2,0.0683324834268,0.221538461538
2,0.0683324834268,0.224615384615
2,0.0698623151453,0.224615384615
2,0.0698623151453,0.233846153846
2,0.07190209077,0.233846153846
2,0.07190209077,0.236923076923
2,0.0724120346762,0.236923076923
2,0.0724120346762,0.24
2,0.0764915859255,0.24
2,0.0764915859255,0.243076923077
2,0.0800611932687,0.243076923077
2,0.0800611932687,0.249230769231
2,0.0846506884243,0.249230769231
2,0.0846506884243,0.252307692308
2,0.0856705762366,0.252307692308
2,0.0856705762366,0.255384615385
2,0.086690464049,0.255384615385
2,0.086690464049,0.267692307692
2,0.089750127486,0.267692307692
2,0.089750127486,0.270769230769
2,0.0907700152983,0.270769230769
2,0.0907700152983,0.273846153846
2,0.0922998470168,0.273846153846
2,0.0922998470168,0.276923076923
2,0.0938296787353,0.276923076923
2,0.0938296787353,0.28
2,0.0953595104539,0.28
2,0.0953595104539,0.283076923077
2,0.0963793982662,0.283076923077
2,0.0963793982662,0.286153846154
2,0.0984191738909,0.286153846154
2,0.0984191738909,0.292307692308
2,0.100968893422,0.292307692308
2,0.100968893422,0.295384615385
2,0.103008669046,0.295384615385
2,0.103008669046,0.298461538462
2,0.105048444671,0.298461538462
2,0.105048444671,0.301538461538
2,0.10657827639,0.301538461538
2,0.10657827639,0.304615384615
2,0.10912799592,0.304615384615
2,0.10912799592,0.307692307692
2,0.109637939827,0.307692307692
2,0.109637939827,0.310769230769
2,0.111677715451,0.310769230769
2,0.111677715451,0.316923076923
2,0.114227434982,0.316923076923
2,0.114227434982,0.32
2,0.115757266701,0.32
2,0.115757266701,0.326153846154
2,0.116267210607,0.326153846154
2,0.116267210607,0.332307692308
2,0.118306986232,0.332307692308
2,0.118306986232,0.335384615385
2,0.129015808261,0.335384615385
2,0.129015808261,0.341538461538
2,0.131055583886,0.341538461538
2,0.131055583886,0.344615384615
2,0.135645079041,0.344615384615
2,0.135645079041,0.347692307692
2,0.139214686384,0.347692307692
2,0.139214686384,0.353846153846
2,0.139724630291,0.353846153846
2,0.139724630291,0.356923076923
2,0.141764405915,0.356923076923
2,0.141764405915,0.36
2,0.14380418154,0.36
2,0.14380418154,0.366153846154
2,0.151453340133,0.366153846154
2,0.151453340133,0.369230769231
2,0.15451300357,0.369230769231
2,0.15451300357,0.372307692308
2,0.157572667007,0.372307692308
2,0.157572667007,0.375384615385
2,0.159102498725,0.375384615385
2,0.159102498725,0.378461538462
2,0.160122386537,0.378461538462
2,0.160122386537,0.384615384615
2,0.162672106068,0.384615384615
2,0.162672106068,0.390769230769
2,0.164201937787,0.390769230769
2,0.164201937787,0.396923076923
2,0.166241713412,0.396923076923
2,0.166241713412,0.4
2,0.174910759816,0.4
2,0.174910759816,0.403076923077
2,0.177970423253,0.403076923077
2,0.177970423253,0.406153846154
2,0.18510963794,0.406153846154
2,0.186639469658,0.409230769231
2,0.188169301377,0.409230769231
2,0.188169301377,0.412307692308
2,0.190719020908,0.412307692308
2,0.19173890872,0.412307692308
2,0.192248852626,0.412307692308
2,0.192248852626,0.415384615385
2,0.193778684345,0.415384615385
2,0.193778684345,0.418461538462
2,0.197348291688,0.418461538462
2,0.197348291688,0.421538461538
2,0.199388067313,0.421538461538
2,0.199388067313,0.424615384615
2,0.203977562468,0.424615384615
2,0.203977562468,0.427692307692
2,0.205507394187,0.427692307692
2,0.205507394187,0.430769230769
2,0.207547169811,0.430769230769
2,0.207547169811,0.433846153846
2,0.20907700153,0.433846153846
2,0.20907700153,0.436923076923
2,0.212136664967,0.436923076923
2,0.212136664967,0.44
2,0.216216216216,0.44
2,0.216216216216,0.446153846154
2,0.218765935747,0.446153846154
2,0.218765935747,0.449230769231
2,0.225395206527,0.449230769231
2,0.225395206527,0.452307692308
2,0.22896481387,0.452307692308
2,0.22896481387,0.455384615385
2,0.230494645589,0.455384615385
2,0.230494645589,0.461538461538
2,0.231514533401,0.461538461538
2,0.231514533401,0.464615384615
2,0.23304436512,0.464615384615
2,0.23304436512,0.467692307692
2,0.235084140745,0.467692307692
2,0.235084140745,0.470769230769
2,0.236104028557,0.470769230769
2,0.236104028557,0.476923076923
2,0.238143804182,0.476923076923
2,0.238143804182,0.48
2,0.240693523712,0.48
2,0.241713411525,0.48
2,0.24630290668,0.48
2,0.24630290668,0.483076923077
2,0.246812850586,0.483076923077
2,0.247322794493,0.486153846154
2,0.251912289648,0.486153846154
2,0.251912289648,0.492307692308
2,0.255481896991,0.492307692308
2,0.255481896991,0.495384615385
2,0.256501784804,0.495384615385
2,0.256501784804,0.498461538462
2,0.259051504335,0.498461538462
2,0.259051504335,0.501538461538
2,0.262621111678,0.501538461538
2,0.262621111678,0.504615384615
2,0.264150943396,0.504615384615
2,0.264150943396,0.507692307692
2,0.265170831209,0.507692307692
2,0.265170831209,0.510769230769
2,0.266700662927,0.510769230769
2,0.267720550739,0.510769230769
2,0.268230494646,0.510769230769
2,0.268230494646,0.513846153846
2,0.269760326364,0.513846153846
2,0.269760326364,0.516923076923
2,0.274859765426,0.516923076923
2,0.274859765426,0.52
2,0.275369709332,0.52
2,0.276389597144,0.52
2,0.281998980112,0.52
2,0.281998980112,0.523076923077
2,0.282508924018,0.523076923077
2,0.282508924018,0.526153846154
2,0.288118306986,0.526153846154
2,0.288118306986,0.529230769231
2,0.288628250892,0.529230769231
2,0.288628250892,0.532307692308
2,0.291687914329,0.532307692308
2,0.292707802142,0.532307692308
2,0.29831718511,0.532307692308
2,0.29831718511,0.541538461538
2,0.300356960734,0.541538461538
2,0.300356960734,0.544615384615
2,0.30086690464,0.544615384615
2,0.30086690464,0.550769230769
2,0.303926568078,0.550769230769
2,0.303926568078,0.553846153846
2,0.30494645589,0.553846153846
2,0.30494645589,0.556923076923
2,0.306476287608,0.556923076923
2,0.306986231515,0.56
2,0.31157572667,0.56
2,0.31157572667,0.563076923077
2,0.314125446201,0.563076923077
2,0.315145334013,0.563076923077
2,0.315655277919,0.563076923077
2,0.315655277919,0.566153846154
2,0.316675165732,0.566153846154
2,0.316675165732,0.569230769231
2,0.317185109638,0.569230769231
2,0.317185109638,0.572307692308
2,0.319224885263,0.572307692308
2,0.319224885263,0.575384615385
2,0.320244773075,0.575384615385
2,0.320754716981,0.575384615385
2,0.320754716981,0.578461538462
2,0.321264660887,0.578461538462
2,0.321264660887,0.581538461538
2,0.326364099949,0.581538461538
2,0.327383987761,0.581538461538
2,0.329933707292,0.581538461538
2,0.329933707292,0.587692307692
2,0.334013258542,0.587692307692
2,0.334013258542,0.590769230769
2,0.337072921979,0.590769230769
2,0.337072921979,0.596923076923
2,0.337582865885,0.596923076923
2,0.337582865885,0.6
2,0.341152473228,0.6
2,0.341152473228,0.603076923077
2,0.341662417134,0.606153846154
2,0.346761856196,0.606153846154
2,0.346761856196,0.609230769231
2,0.347781744008,0.609230769231
2,0.34880163182,0.609230769231
2,0.34880163182,0.612307692308
2,0.359000509944,0.612307692308
2,0.359000509944,0.618461538462
2,0.363080061193,0.618461538462
2,0.363080061193,0.621538461538
2,0.369199388067,0.621538461538
2,0.369199388067,0.624615384615
2,0.370729219786,0.624615384615
2,0.370729219786,0.627692307692
2,0.376338602754,0.627692307692
2,0.377358490566,0.627692307692
2,0.377358490566,0.630769230769
2,0.380418154003,0.630769230769
2,0.380418154003,0.633846153846
2,0.381438041815,0.633846153846
2,0.381438041815,0.636923076923
2,0.382457929628,0.636923076923
2,0.382457929628,0.64
2,0.384497705252,0.64
2,0.384497705252,0.643076923077
2,0.385517593065,0.643076923077
2,0.386537480877,0.643076923077
2,0.389087200408,0.643076923077
2,0.389597144314,0.646153846154
2,0.39418663947,0.646153846154
2,0.39418663947,0.649230769231
2,0.397756246813,0.649230769231
2,0.397756246813,0.652307692308
2,0.398776134625,0.652307692308
2,0.398776134625,0.658461538462
2,0.399286078531,0.658461538462
2,0.400305966344,0.658461538462
2,0.401835798062,0.658461538462
2,0.401835798062,0.661538461538
2,0.403365629781,0.661538461538
2,0.403365629781,0.664615384615
2,0.409994900561,0.664615384615
2,0.409994900561,0.667692307692
2,0.411524732279,0.667692307692
2,0.412544620092,0.667692307692
2,0.421213666497,0.667692307692
2,0.421213666497,0.670769230769
2,0.422233554309,0.670769230769
2,0.422233554309,0.676923076923
2,0.42478327384,0.676923076923
2,0.42478327384,0.68
2,0.434982151963,0.68
2,0.434982151963,0.683076923077
2,0.437531871494,0.683076923077
2,0.437531871494,0.686153846154
2,0.439061703213,0.686153846154
2,0.439061703213,0.689230769231
2,0.444671086181,0.689230769231
2,0.444671086181,0.692307692308
2,0.449260581336,0.692307692308
2,0.450280469148,0.692307692308
2,0.454869964304,0.692307692308
2,0.455889852116,0.692307692308
2,0.457419683835,0.692307692308
2,0.457419683835,0.698461538462
2,0.458949515553,0.698461538462
2,0.458949515553,0.704615384615
2,0.460479347272,0.704615384615
2,0.460989291178,0.707692307692
2,0.462519122896,0.707692307692
2,0.463029066803,0.710769230769
2,0.465068842427,0.710769230769
2,0.465068842427,0.713846153846
2,0.466598674146,0.713846153846
2,0.466598674146,0.72
2,0.47271800102,0.72
2,0.47271800102,0.726153846154
2,0.476797552269,0.726153846154
2,0.476797552269,0.729230769231
2,0.482406935237,0.729230769231
2,0.482406935237,0.732307692308
2,0.486486486486,0.732307692308
2,0.486486486486,0.735384615385
2,0.489546149924,0.735384615385
2,0.489546149924,0.738461538462
2,0.491585925548,0.738461538462
2,0.491585925548,0.741538461538
2,0.492095869454,0.744615384615
2,0.497195308516,0.744615384615
2,0.497195308516,0.747692307692
2,0.498215196328,0.747692307692
2,0.500764915859,0.747692307692
2,0.500764915859,0.750769230769
2,0.50331463539,0.750769230769
2,0.505354411015,0.750769230769
2,0.510453850076,0.750769230769
2,0.511473737889,0.750769230769
2,0.512493625701,0.750769230769
2,0.512493625701,0.753846153846
2,0.51402345742,0.753846153846
2,0.51402345742,0.756923076923
2,0.522182559918,0.756923076923
2,0.522692503825,0.76
2,0.524222335543,0.76
2,0.524222335543,0.763076923077
2,0.525752167262,0.763076923077
2,0.525752167262,0.766153846154
2,0.534931157573,0.766153846154
2,0.534931157573,0.769230769231
2,0.535951045385,0.769230769231
2,0.535951045385,0.772307692308
2,0.539520652728,0.772307692308
2,0.540540540541,0.772307692308
2,0.541050484447,0.772307692308
2,0.541050484447,0.775384615385
2,0.548699643039,0.775384615385
2,0.548699643039,0.778461538462
2,0.550229474758,0.778461538462
2,0.550229474758,0.781538461538
2,0.555838857726,0.781538461538
2,0.555838857726,0.784615384615
2,0.560938296787,0.784615384615
2,0.560938296787,0.787692307692
2,0.565527791943,0.787692307692
2,0.565527791943,0.790769230769
2,0.57521672616,0.790769230769
2,0.57521672616,0.793846153846
2,0.578276389597,0.793846153846
2,0.578276389597,0.796923076923
2,0.581336053034,0.796923076923
2,0.581336053034,0.812307692308
2,0.583885772565,0.812307692308
2,0.583885772565,0.815384615385
2,0.584395716471,0.818461538462
2,0.586435492096,0.818461538462
2,0.588475267721,0.818461538462
2,0.595614482407,0.818461538462
2,0.595614482407,0.821538461538
2,0.596634370219,0.821538461538
2,0.596634370219,0.824615384615
2,0.600713921469,0.824615384615
2,0.601733809281,0.824615384615
2,0.603773584906,0.824615384615
2,0.603773584906,0.827692307692
2,0.609382967874,0.827692307692
2,0.610402855686,0.827692307692
2,0.611932687404,0.827692307692
2,0.611932687404,0.830769230769
2,0.614992350841,0.830769230769
2,0.614992350841,0.833846153846
2,0.620091789903,0.833846153846
2,0.620091789903,0.836923076923
2,0.622131565528,0.836923076923
2,0.622131565528,0.84
2,0.625191228965,0.84
2,0.625191228965,0.843076923077
2,0.631310555839,0.843076923077
2,0.632330443651,0.843076923077
2,0.637429882713,0.843076923077
2,0.638959714431,0.843076923077
2,0.639469658338,0.843076923077
2,0.639469658338,0.846153846154
2,0.639979602244,0.846153846154
2,0.639979602244,0.849230769231
2,0.640999490056,0.849230769231
2,0.640999490056,0.852307692308
2,0.643549209587,0.852307692308
2,0.643549209587,0.855384615385
2,0.646098929118,0.855384615385
2,0.646098929118,0.861538461538
2,0.648138704742,0.861538461538
2,0.648648648649,0.864615384615
2,0.649668536461,0.864615384615
2,0.651708312086,0.864615384615
2,0.652728199898,0.864615384615
2,0.65374808771,0.864615384615
2,0.65374808771,0.867692307692
2,0.655787863335,0.867692307692
2,0.655787863335,0.870769230769
2,0.661907190209,0.870769230769
2,0.662927078021,0.870769230769
2,0.662927078021,0.873846153846
2,0.667006629271,0.873846153846
2,0.667516573177,0.876923076923
2,0.668026517083,0.876923076923
2,0.668536460989,0.88
2,0.669046404895,0.88
2,0.669046404895,0.883076923077
2,0.670066292708,0.883076923077
2,0.670066292708,0.886153846154
2,0.673125956145,0.886153846154
2,0.673125956145,0.889230769231
2,0.682304946456,0.889230769231
2,0.683324834268,0.889230769231
2,0.683834778174,0.889230769231
2,0.683834778174,0.892307692308
2,0.687914329424,0.892307692308
2,0.687914329424,0.895384615385
2,0.689444161142,0.895384615385
2,0.689444161142,0.898461538462
2,0.691993880673,0.898461538462
2,0.691993880673,0.901538461538
2,0.702192758797,0.901538461538
2,0.703212646609,0.901538461538
2,0.706782253952,0.901538461538
2,0.707802141764,0.901538461538
2,0.708312085671,0.901538461538
2,0.708822029577,0.904615384615
2,0.710861805201,0.904615384615
2,0.710861805201,0.907692307692
2,0.712901580826,0.907692307692
2,0.712901580826,0.910769230769
2,0.716471188169,0.910769230769
2,0.716471188169,0.913846153846
2,0.718001019888,0.913846153846
2,0.718001019888,0.916923076923
2,0.726670066293,0.916923076923
2,0.728199898011,0.916923076923
2,0.729219785824,0.916923076923
2,0.72972972973,0.92
2,0.730239673636,0.92
2,0.731259561448,0.92
2,0.733299337073,0.92
2,0.734319224885,0.92
2,0.735849056604,0.92
2,0.736868944416,0.92
2,0.745537990821,0.92
2,0.745537990821,0.923076923077
2,0.747577766446,0.923076923077
2,0.747577766446,0.926153846154
2,0.748087710352,0.926153846154
2,0.749107598164,0.926153846154
2,0.758796532381,0.926153846154
2,0.759816420194,0.926153846154
2,0.761346251912,0.926153846154
2,0.762366139725,0.926153846154
2,0.774094849567,0.926153846154
2,0.774094849567,0.929230769231
2,0.776134625191,0.929230769231
2,0.777154513004,0.929230769231
2,0.778174400816,0.929230769231
2,0.779194288628,0.929230769231
2,0.780724120347,0.929230769231
2,0.780724120347,0.932307692308
2,0.79092299847,0.932307692308
2,0.79092299847,0.935384615385
2,0.791432942376,0.935384615385
2,0.792452830189,0.935384615385
2,0.793472718001,0.935384615385
2,0.794492605813,0.935384615385
2,0.799592044875,0.935384615385
2,0.800611932687,0.935384615385
2,0.805711371749,0.935384615385
2,0.806731259561,0.935384615385
2,0.812340642529,0.935384615385
2,0.812340642529,0.938461538462
2,0.813360530342,0.938461538462
2,0.814380418154,0.938461538462
2,0.814380418154,0.941538461538
2,0.831718510964,0.941538461538
2,0.831718510964,0.944615384615
2,0.841407445181,0.944615384615
2,0.842427332993,0.944615384615
2,0.852116267211,0.944615384615
2,0.853136155023,0.944615384615
2,0.855685874554,0.944615384615
2,0.855685874554,0.947692307692
2,0.861295257522,0.947692307692
2,0.861295257522,0.950769230769
2,0.864864864865,0.950769230769
2,0.865884752677,0.950769230769
2,0.881183069862,0.950769230769
2,0.882202957675,0.950769230769
2,0.883222845487,0.950769230769
2,0.883222845487,0.953846153846
2,0.884242733299,0.953846153846
2,0.884242733299,0.956923076923
2,0.886282508924,0.956923076923
2,0.887302396736,0.956923076923
2,0.888832228455,0.956923076923
2,0.888832228455,0.96
2,0.900050994391,0.96
2,0.900050994391,0.963076923077
2,0.904640489546,0.963076923077
2,0.905660377358,0.963076923077
2,0.909739928608,0.963076923077
2,0.911269760326,0.963076923077
2,0.916369199388,0.963076923077
2,0.916369199388,0.966153846154
2,0.918918918919,0.966153846154
2,0.919938806731,0.966153846154
2,0.921978582356,0.966153846154
2,0.922998470168,0.966153846154
2,0.924528301887,0.966153846154
2,0.924528301887,0.969230769231
2,0.927078021418,0.969230769231
2,0.927078021418,0.972307692308
2,0.931157572667,0.972307692308
2,0.931157572667,0.975384615385
2,0.932177460479,0.975384615385
2,0.932177460479,0.978461538462
2,0.940336562978,0.978461538462
2,0.94135645079,0.978461538462
2,0.942376338603,0.978461538462
2,0.942376338603,0.981538461538
2,0.943396226415,0.981538461538
2,0.943906170321,0.981538461538
2,0.944926058134,0.981538461538
2,0.949005609383,0.981538461538
2,0.950025497195,0.981538461538
2,0.953595104539,0.981538461538
2,0.956144824069,0.981538461538
2,0.961244263131,0.981538461538
2,0.962264150943,0.981538461538
2,0.96277409485,0.981538461538
2,0.963793982662,0.981538461538
2,0.96532381438,0.981538461538
2,0.96532381438,0.984615384615
2,0.967363590005,0.984615384615
2,0.967363590005,0.987692307692
2,0.96940336563,0.987692307692
2,0.970423253442,0.987692307692
2,0.97603263641,0.987692307692
2,0.97603263641,0.990769230769
2,0.977052524222,0.990769230769
2,0.978072412035,0.990769230769
2,0.979092299847,0.990769230769
2,0.980622131566,0.990769230769
2,0.982151963284,0.990769230769
2,0.982151963284,0.993846153846
2,0.984191738909,0.993846153846
2,0.984191738909,0.996923076923
2,0.985211626721,0.996923076923
2,0.986231514533,0.996923076923
2,0.987761346252,0.996923076923
2,0.987761346252,1.0
2,0.990311065783,1.0
2,0.991330953595,1.0
2,1.0,1.0
Baseline,0.0,0.0
Baseline,0.000531632110579,0.000531632110579
Baseline,0.000531632110579,0.000531632110579
Baseline,0.00106326422116,0.00106326422116
Baseline,0.00106326422116,0.00106326422116
Baseline,0.00212652844232,0.00212652844232
Baseline,0.00212652844232,0.00212652844232
Baseline,0.00425305688464,0.00425305688464
Baseline,0.00425305688464,0.00425305688464
Baseline,0.00531632110579,0.00531632110579
Baseline,0.00531632110579,0.00531632110579
Baseline,0.00584795321637,0.00584795321637
Baseline,0.00584795321637,0.00584795321637
Baseline,0.00691121743753,0.00691121743753
Baseline,0.00691121743753,0.00691121743753
Baseline,0.00797448165869,0.00797448165869
Baseline,0.00797448165869,0.00797448165869
Baseline,0.00850611376927,0.00850611376927
Baseline,0.00850611376927,0.00850611376927
Baseline,0.0106326422116,0.0106326422116
Baseline,0.0106326422116,0.0106326422116
Baseline,0.0111642743222,0.0111642743222
Baseline,0.0111642743222,0.0111642743222
Baseline,0.0122275385433,0.0122275385433
Baseline,0.0122275385433,0.0122275385433
Baseline,0.0127591706539,0.0127591706539
Baseline,0.0127591706539,0.0127591706539
Baseline,0.0132908027645,0.0132908027645
Baseline,0.0132908027645,0.0132908027645
Baseline,0.0143540669856,0.0143540669856
Baseline,0.0143540669856,0.0143540669856
Baseline,0.0148856990962,0.0148856990962
Baseline,0.0148856990962,0.0148856990962
Baseline,0.0159489633174,0.0159489633174
Baseline,0.0159489633174,0.0159489633174
Baseline,0.0170122275385,0.0170122275385
Baseline,0.0170122275385,0.0170122275385
Baseline,0.0175438596491,0.0175438596491
Baseline,0.0175438596491,0.0175438596491
Baseline,0.0180754917597,0.0180754917597
Baseline,0.0180754917597,0.0180754917597
Baseline,0.0186071238703,0.0186071238703
Baseline,0.0186071238703,0.0186071238703
Baseline,0.0196703880914,0.0196703880914
Baseline,0.0196703880914,0.0196703880914
Baseline,0.0217969165338,0.0217969165338
Baseline,0.0217969165338,0.0217969165338
Baseline,0.0239234449761,0.0239234449761
Baseline,0.0239234449761,0.0239234449761
Baseline,0.0249867091972,0.0249867091972
Baseline,0.0249867091972,0.0249867091972
Baseline,0.0260499734184,0.0260499734184
Baseline,0.0260499734184,0.0260499734184
Baseline,0.026581605529,0.026581605529
Baseline,0.026581605529,0.026581605529
Baseline,0.0276448697501,0.0276448697501
Baseline,0.0276448697501,0.0276448697501
Baseline,0.0287081339713,0.0287081339713
Baseline,0.0287081339713,0.0287081339713
Baseline,0.030303030303,0.030303030303
Baseline,0.030303030303,0.030303030303
Baseline,0.0308346624136,0.0308346624136
Baseline,0.0308346624136,0.0308346624136
Baseline,0.0318979266348,0.0318979266348
Baseline,0.0318979266348,0.0318979266348
Baseline,0.0324295587453,0.0324295587453
Baseline,0.0324295587453,0.0324295587453
Baseline,0.0350877192982,0.0350877192982
Baseline,0.0350877192982,0.0350877192982
Baseline,0.0356193514088,0.0356193514088
Baseline,0.0356193514088,0.0356193514088
Baseline,0.0361509835194,0.0361509835194
Baseline,0.0361509835194,0.0361509835194
Baseline,0.03668261563,0.03668261563
Baseline,0.03668261563,0.03668261563
Baseline,0.0377458798511,0.0377458798511
Baseline,0.0377458798511,0.0377458798511
Baseline,0.0382775119617,0.0382775119617
Baseline,0.0382775119617,0.0382775119617
Baseline,0.0393407761829,0.0393407761829
Baseline,0.0393407761829,0.0393407761829
Baseline,0.0457203615098,0.0457203615098
Baseline,0.0457203615098,0.0457203615098
Baseline,0.0478468899522,0.0478468899522
Baseline,0.0478468899522,0.0478468899522
Baseline,0.0489101541733,0.0489101541733
Baseline,0.0489101541733,0.0489101541733
Baseline,0.0536948431685,0.0536948431685
Baseline,0.0536948431685,0.0536948431685
Baseline,0.0552897395003,0.0552897395003
Baseline,0.0552897395003,0.0552897395003
Baseline,0.0595427963849,0.0595427963849
Baseline,0.0595427963849,0.0595427963849
Baseline,0.0600744284955,0.0600744284955
Baseline,0.0600744284955,0.0600744284955
Baseline,0.0685805422648,0.0685805422648
Baseline,0.0685805422648,0.0685805422648
Baseline,0.0701754385965,0.0701754385965
Baseline,0.0701754385965,0.0701754385965
Baseline,0.0712387028177,0.0712387028177
Baseline,0.0712387028177,0.0712387028177
Baseline,0.0738968633705,0.0738968633705
Baseline,0.0738968633705,0.0738968633705
Baseline,0.0749601275917,0.0749601275917
Baseline,0.0749601275917,0.0749601275917
Baseline,0.0754917597023,0.0754917597023
Baseline,0.0754917597023,0.0754917597023
Baseline,0.0760233918129,0.0760233918129
Baseline,0.0760233918129,0.0760233918129
Baseline,0.077086656034,0.077086656034
Baseline,0.077086656034,0.077086656034
Baseline,0.0877192982456,0.0877192982456
Baseline,0.0877192982456,0.0877192982456
Baseline,0.0882509303562,0.0882509303562
Baseline,0.0882509303562,0.0882509303562
Baseline,0.0887825624668,0.0887825624668
Baseline,0.0887825624668,0.0887825624668
Baseline,0.0919723551302,0.0919723551302
Baseline,0.0919723551302,0.0919723551302
Baseline,0.097288676236,0.097288676236
Baseline,0.097288676236,0.097288676236
Baseline,0.0983519404572,0.0983519404572
Baseline,0.0983519404572,0.0983519404572
Baseline,0.0999468367889,0.0999468367889
Baseline,0.0999468367889,0.0999468367889
Baseline,0.1004784689,0.1004784689
Baseline,0.1004784689,0.1004784689
Baseline,0.103136629452,0.103136629452
Baseline,0.103136629452,0.103136629452
Baseline,0.108452950558,0.108452950558
Baseline,0.108452950558,0.108452950558
Baseline,0.109516214779,0.109516214779
Baseline,0.109516214779,0.109516214779
Baseline,0.110579479001,0.110579479001
Baseline,0.110579479001,0.110579479001
Baseline,0.112706007443,0.112706007443
Baseline,0.112706007443,0.112706007443
Baseline,0.113769271664,0.113769271664
Baseline,0.113769271664,0.113769271664
Baseline,0.115895800106,0.115895800106
Baseline,0.115895800106,0.115895800106
Baseline,0.120680489102,0.120680489102
Baseline,0.120680489102,0.120680489102
Baseline,0.122275385433,0.122275385433
Baseline,0.122275385433,0.122275385433
Baseline,0.124933545986,0.124933545986
Baseline,0.124933545986,0.124933545986
Baseline,0.125465178097,0.125465178097
Baseline,0.125465178097,0.125465178097
Baseline,0.127060074428,0.127060074428
Baseline,0.127060074428,0.127060074428
Baseline,0.12812333865,0.12812333865
Baseline,0.12812333865,0.12812333865
Baseline,0.12865497076,0.12865497076
Baseline,0.12865497076,0.12865497076
Baseline,0.129718234981,0.129718234981
Baseline,0.129718234981,0.129718234981
Baseline,0.130781499203,0.130781499203
Baseline,0.130781499203,0.130781499203
Baseline,0.132908027645,0.132908027645
Baseline,0.132908027645,0.132908027645
Baseline,0.133439659755,0.133439659755
Baseline,0.133439659755,0.133439659755
Baseline,0.136629452419,0.136629452419
Baseline,0.136629452419,0.136629452419
Baseline,0.13769271664,0.13769271664
Baseline,0.13769271664,0.13769271664
Baseline,0.139819245082,0.139819245082
Baseline,0.139819245082,0.139819245082
Baseline,0.143009037746,0.143009037746
Baseline,0.143009037746,0.143009037746
Baseline,0.149388623073,0.149388623073
Baseline,0.149388623073,0.149388623073
Baseline,0.152046783626,0.152046783626
Baseline,0.152046783626,0.152046783626
Baseline,0.154173312068,0.154173312068
Baseline,0.154173312068,0.154173312068
Baseline,0.1557682084,0.1557682084
Baseline,0.1557682084,0.1557682084
Baseline,0.157894736842,0.157894736842
Baseline,0.157894736842,0.157894736842
Baseline,0.162679425837,0.162679425837
Baseline,0.162679425837,0.162679425837
Baseline,0.163211057948,0.163211057948
Baseline,0.163211057948,0.163211057948
Baseline,0.165869218501,0.165869218501
Baseline,0.165869218501,0.165869218501
Baseline,0.166932482722,0.166932482722
Baseline,0.166932482722,0.166932482722
Baseline,0.167464114833,0.167464114833
Baseline,0.167464114833,0.167464114833
Baseline,0.167995746943,0.167995746943
Baseline,0.167995746943,0.167995746943
Baseline,0.171185539607,0.171185539607
Baseline,0.171185539607,0.171185539607
Baseline,0.173843700159,0.173843700159
Baseline,0.173843700159,0.173843700159
Baseline,0.175438596491,0.175438596491
Baseline,0.175438596491,0.175438596491
Baseline,0.178628389155,0.178628389155
Baseline,0.178628389155,0.178628389155
Baseline,0.181818181818,0.181818181818
Baseline,0.181818181818,0.181818181818
Baseline,0.182881446039,0.182881446039
Baseline,0.182881446039,0.182881446039
Baseline,0.185007974482,0.185007974482
Baseline,0.185007974482,0.185007974482
Baseline,0.188197767145,0.188197767145
Baseline,0.188197767145,0.188197767145
Baseline,0.191919191919,0.191919191919
Baseline,0.191919191919,0.191919191919
Baseline,0.19298245614,0.19298245614
Baseline,0.19298245614,0.19298245614
Baseline,0.194577352472,0.194577352472
Baseline,0.194577352472,0.194577352472
Baseline,0.195108984583,0.195108984583
Baseline,0.195108984583,0.195108984583
Baseline,0.195640616693,0.195640616693
Baseline,0.195640616693,0.195640616693
Baseline,0.198830409357,0.198830409357
Baseline,0.199362041467,0.199362041467
Baseline,0.200956937799,0.200956937799
Baseline,0.200956937799,0.200956937799
Baseline,0.206273258905,0.206273258905
Baseline,0.206273258905,0.206273258905
Baseline,0.208399787347,0.208399787347
Baseline,0.208399787347,0.208399787347
Baseline,0.209994683679,0.209994683679
Baseline,0.209994683679,0.209994683679
Baseline,0.2110579479,0.2110579479
Baseline,0.2110579479,0.2110579479
Baseline,0.212121212121,0.212121212121
Baseline,0.212121212121,0.212121212121
Baseline,0.223285486443,0.223285486443
Baseline,0.223285486443,0.223285486443
Baseline,0.228070175439,0.228070175439
Baseline,0.228070175439,0.228070175439
Baseline,0.233918128655,0.233918128655
Baseline,0.233918128655,0.233918128655
Baseline,0.234449760766,0.234449760766
Baseline,0.234449760766,0.234449760766
Baseline,0.241892610314,0.241892610314
Baseline,0.241892610314,0.241892610314
Baseline,0.242424242424,0.242424242424
Baseline,0.242424242424,0.242424242424
Baseline,0.249867091972,0.249867091972
Baseline,0.249867091972,0.249867091972
Baseline,0.251461988304,0.251461988304
Baseline,0.251461988304,0.251461988304
Baseline,0.252525252525,0.252525252525
Baseline,0.252525252525,0.252525252525
Baseline,0.25677830941,0.25677830941
Baseline,0.25677830941,0.25677830941
Baseline,0.271664008506,0.271664008506
Baseline,0.271664008506,0.271664008506
Baseline,0.272727272727,0.272727272727
Baseline,0.272727272727,0.272727272727
Baseline,0.273790536948,0.273790536948
Baseline,0.273790536948,0.273790536948
Baseline,0.274322169059,0.274322169059
Baseline,0.274322169059,0.274322169059
Baseline,0.275917065391,0.275917065391
Baseline,0.275917065391,0.275917065391
Baseline,0.277511961722,0.277511961722
Baseline,0.277511961722,0.277511961722
Baseline,0.286018075492,0.286018075492
Baseline,0.286018075492,0.286018075492
Baseline,0.286549707602,0.286549707602
Baseline,0.286549707602,0.286549707602
Baseline,0.287081339713,0.287081339713
Baseline,0.287081339713,0.287081339713
Baseline,0.287612971823,0.287612971823
Baseline,0.287612971823,0.287612971823
Baseline,0.290271132376,0.290271132376
Baseline,0.290271132376,0.290271132376
Baseline,0.295587453482,0.295587453482
Baseline,0.295587453482,0.295587453482
Baseline,0.301435406699,0.301435406699
Baseline,0.301435406699,0.301435406699
Baseline,0.306751727804,0.306751727804
Baseline,0.306751727804,0.306751727804
Baseline,0.308346624136,0.308346624136
Baseline,0.308346624136,0.308346624136
Baseline,0.3115364168,0.3115364168
Baseline,0.3115364168,0.3115364168
Baseline,0.314726209463,0.314726209463
Baseline,0.314726209463,0.314726209463
Baseline,0.316852737905,0.316852737905
Baseline,0.316852737905,0.316852737905
Baseline,0.317384370016,0.317384370016
Baseline,0.317384370016,0.317384370016
Baseline,0.318979266348,0.318979266348
Baseline,0.318979266348,0.318979266348
Baseline,0.327485380117,0.327485380117
Baseline,0.327485380117,0.327485380117
Baseline,0.333333333333,0.333333333333
Baseline,0.333333333333,0.333333333333
Baseline,0.336523125997,0.336523125997
Baseline,0.336523125997,0.336523125997
Baseline,0.338649654439,0.338649654439
Baseline,0.338649654439,0.338649654439
Baseline,0.342902711324,0.342902711324
Baseline,0.342902711324,0.342902711324
Baseline,0.354598617757,0.354598617757
Baseline,0.354598617757,0.354598617757
Baseline,0.358320042531,0.358320042531
Baseline,0.358320042531,0.358320042531
Baseline,0.358851674641,0.358851674641
Baseline,0.358851674641,0.358851674641
Baseline,0.365762892079,0.365762892079
Baseline,0.365762892079,0.365762892079
Baseline,0.377990430622,0.377990430622
Baseline,0.377990430622,0.377990430622
Baseline,0.379053694843,0.379053694843
Baseline,0.379053694843,0.379053694843
Baseline,0.393407761829,0.393407761829
Baseline,0.393407761829,0.393407761829
Baseline,0.39447102605,0.39447102605
Baseline,0.39447102605,0.39447102605
Baseline,0.397129186603,0.397129186603
Baseline,0.397129186603,0.397129186603
Baseline,0.402445507709,0.402445507709
Baseline,0.402445507709,0.402445507709
Baseline,0.402977139819,0.402977139819
Baseline,0.402977139819,0.402977139819
Baseline,0.40404040404,0.40404040404
Baseline,0.40404040404,0.40404040404
Baseline,0.411483253589,0.411483253589
Baseline,0.411483253589,0.411483253589
Baseline,0.41254651781,0.41254651781
Baseline,0.41254651781,0.41254651781
Baseline,0.424242424242,0.424242424242
Baseline,0.424242424242,0.424242424242
Baseline,0.424774056353,0.424774056353
Baseline,0.424774056353,0.424774056353
Baseline,0.425837320574,0.425837320574
Baseline,0.425837320574,0.425837320574
Baseline,0.427432216906,0.427432216906
Baseline,0.427432216906,0.427432216906
Baseline,0.433280170122,0.433280170122
Baseline,0.433280170122,0.433280170122
Baseline,0.435406698565,0.435406698565
Baseline,0.435406698565,0.435406698565
Baseline,0.457203615098,0.457203615098
Baseline,0.457203615098,0.457203615098
Baseline,0.459330143541,0.459330143541
Baseline,0.459330143541,0.459330143541
Baseline,0.461988304094,0.461988304094
Baseline,0.461988304094,0.461988304094
Baseline,0.463051568315,0.463051568315
Baseline,0.463051568315,0.463051568315
Baseline,0.466772993089,0.466772993089
Baseline,0.466772993089,0.466772993089
Baseline,0.469962785752,0.469962785752
Baseline,0.469962785752,0.469962785752
Baseline,0.471026049973,0.471026049973
Baseline,0.471026049973,0.471026049973
Baseline,0.479532163743,0.479532163743
Baseline,0.479532163743,0.479532163743
Baseline,0.484316852738,0.484316852738
Baseline,0.484316852738,0.484316852738
Baseline,0.493886230728,0.493886230728
Baseline,0.493886230728,0.493886230728
Baseline,0.500797448166,0.500797448166
Baseline,0.500797448166,0.500797448166
Baseline,0.503987240829,0.503987240829
Baseline,0.503987240829,0.503987240829
Baseline,0.506645401382,0.506645401382
Baseline,0.506645401382,0.506645401382
Baseline,0.516214779373,0.516214779373
Baseline,0.516214779373,0.516214779373
Baseline,0.517809675704,0.517809675704
Baseline,0.517809675704,0.517809675704
Baseline,0.519936204147,0.519936204147
Baseline,0.519936204147,0.519936204147
Baseline,0.527910685805,0.527910685805
Baseline,0.527910685805,0.527910685805
Baseline,0.535353535354,0.535353535354
Baseline,0.535353535354,0.535353535354
Baseline,0.537480063796,0.537480063796
Baseline,0.537480063796,0.537480063796
Baseline,0.557150451887,0.557150451887
Baseline,0.557150451887,0.557150451887
Baseline,0.55980861244,0.55980861244
Baseline,0.55980861244,0.55980861244
Baseline,0.561935140883,0.561935140883
Baseline,0.561935140883,0.561935140883
Baseline,0.563530037214,0.563530037214
Baseline,0.563530037214,0.563530037214
Baseline,0.590111642743,0.590111642743
Baseline,0.590111642743,0.590111642743
Baseline,0.598086124402,0.598086124402
Baseline,0.598086124402,0.598086124402
Baseline,0.607655502392,0.607655502392
Baseline,0.607655502392,0.607655502392
Baseline,0.610845295056,0.610845295056
Baseline,0.610845295056,0.610845295056
Baseline,0.611376927166,0.611376927166
Baseline,0.611376927166,0.611376927166
Baseline,0.623072833599,0.623072833599
Baseline,0.623072833599,0.623072833599
Baseline,0.625730994152,0.625730994152
Baseline,0.625730994152,0.625730994152
Baseline,0.627857522594,0.627857522594
Baseline,0.627857522594,0.627857522594
Baseline,0.634237107921,0.634237107921
Baseline,0.634237107921,0.634237107921
Baseline,0.643806485912,0.643806485912
Baseline,0.643806485912,0.643806485912
Baseline,0.655502392344,0.655502392344
Baseline,0.655502392344,0.655502392344
Baseline,0.66081871345,0.66081871345
Baseline,0.66081871345,0.66081871345
Baseline,0.670919723551,0.670919723551
Baseline,0.670919723551,0.670919723551
Baseline,0.674641148325,0.674641148325
Baseline,0.674641148325,0.674641148325
Baseline,0.682083997873,0.682083997873
Baseline,0.682083997873,0.682083997873
Baseline,0.692185007974,0.692185007974
Baseline,0.692185007974,0.692185007974
Baseline,0.703880914407,0.703880914407
Baseline,0.703880914407,0.703880914407
Baseline,0.721424774056,0.721424774056
Baseline,0.721424774056,0.721424774056
Baseline,0.730994152047,0.730994152047
Baseline,0.730994152047,0.730994152047
Baseline,0.7336523126,0.7336523126
Baseline,0.7336523126,0.7336523126
Baseline,0.744284954811,0.744284954811
Baseline,0.744284954811,0.744284954811
Baseline,0.77086656034,0.77086656034
Baseline,0.77086656034,0.77086656034
Baseline,0.785220627326,0.785220627326
Baseline,0.785220627326,0.785220627326
Baseline,0.808612440191,0.808612440191
Baseline,0.808612440191,0.808612440191
Baseline,0.818181818182,0.818181818182
Baseline,0.818181818182,0.818181818182
Baseline,0.824561403509,0.824561403509
Baseline,0.824561403509,0.824561403509
Baseline,0.838915470494,0.838915470494
Baseline,0.838915470494,0.838915470494
Baseline,0.905369484317,0.905369484317
Baseline,0.906432748538,0.906432748538
Baseline,0.910685805423,0.910685805423
Baseline,0.910685805423,0.910685805423
Baseline,0.914938862307,0.914938862307
Baseline,0.916002126528,0.916002126528
Baseline,0.933014354067,0.933014354067
Baseline,0.933014354067,0.933014354067
Baseline,0.944178628389,0.944178628389
Baseline,0.944178628389,0.944178628389
Baseline,0.948963317384,0.948963317384
Baseline,0.950026581606,0.950026581606
Baseline,0.964912280702,0.964912280702
Baseline,0.964912280702,0.964912280702
Baseline,0.997341839447,0.997341839447
Baseline,0.998405103668,0.998405103668
Baseline,0.998936735779,0.998936735779
Baseline,1.0,1.0
